	MR	ARI_o	ARI_r	Time
0	0.0	0.8471448163709271	0.8471448163709271	1.62708
1	0.0	0.8693311500199985	0.8693311500199985	0.64026
2	0.0	0.8871128469194094	0.8871128469194094	0.6467
3	0.0	0.8756977128262946	0.8756977128262946	0.64337
4	0.0	0.8625970544639481	0.8625970544639481	0.64935
5	0.0	0.8766895901511862	0.8766895901511862	0.62861
6	0.0	0.8560892818193252	0.8560892818193252	0.66644
7	0.0	0.8515700827845656	0.8515700827845656	0.61975
8	0.0	0.8473192607695033	0.8473192607695033	0.66217
9	0.0	0.875691926194416	0.875691926194416	0.6384
10	0.0	0.8734426833457448	0.8734426833457448	0.63674
11	0.0	0.8508993023177817	0.8508993023177817	0.62682
12	0.0	0.8690228569687796	0.8690228569687796	0.62681
13	0.0	0.8604114964890592	0.8604114964890592	0.62671
14	0.0	0.8736952792789924	0.8736952792789924	0.64033
15	0.0	0.8518718990659195	0.8518718990659195	0.64052
16	0.0	0.849456426131604	0.849456426131604	0.65341
17	0.0	0.8657164521031999	0.8657164521031999	0.646
18	0.0	0.8833825231848296	0.8833825231848296	0.62568
19	0.0	0.882524207244769	0.882524207244769	0.63959
20	0.0	0.8586813237456073	0.8586813237456073	0.65274
21	0.0	0.8717861021107008	0.8717861021107008	0.6401
22	0.0	0.8632010500719214	0.8632010500719214	0.64051
23	0.0	0.8606326009971987	0.8606326009971987	0.63653
24	0.0	0.862080633147876	0.862080633147876	0.63715
25	0.0	0.8687161879384869	0.8687161879384869	0.62915
26	0.0	0.8613538756366413	0.8613538756366413	0.66401
27	0.0	0.8576652563578671	0.8576652563578671	0.64505
28	0.0	0.876910074413486	0.876910074413486	0.64595
29	0.0	0.8542559468994426	0.8542559468994426	0.64987
30	0.0	0.8697354808942751	0.8697354808942751	0.64294
31	0.0	0.8678715238469317	0.8678715238469317	0.65386
32	0.0	0.8844322147886601	0.8844322147886601	0.64206
33	0.0	0.8656442869691757	0.8656442869691757	0.64462
34	0.0	0.8472583982768045	0.8472583982768045	0.66061
35	0.0	0.8581545156213735	0.8581545156213735	0.63148
36	0.0	0.8575817510824176	0.8575817510824176	0.63109
37	0.0	0.8647516350353599	0.8647516350353599	0.64387
38	0.0	0.8500006780030436	0.8500006780030436	0.66913
39	0.0	0.8532200856638904	0.8532200856638904	0.64374
40	0.0	0.8479171984261425	0.8479171984261425	0.6396
41	0.0	0.8579305504448186	0.8579305504448186	0.64037
42	0.0	0.8538913197260094	0.8538913197260094	0.63571
43	0.0	0.8732872941984351	0.8732872941984351	0.64375
44	0.0	0.8647723802413266	0.8647723802413266	0.66423
45	0.0	0.8520261281892865	0.8520261281892865	0.65944
46	0.0	0.8621858175057491	0.8621858175057491	0.63641
47	0.0	0.8757303537919072	0.8757303537919072	0.63739
48	0.0	0.859337902062962	0.859337902062962	0.66079
49	0.0	0.8723157148969282	0.8723157148969282	0.64229
50	0.05	0.48608404829003776	0.48608404829003776	0.6533
51	0.05	0.5213320367101583	0.5213320367101583	0.67126
52	0.05	0.550465234158897	0.550465234158897	0.65407
53	0.05	0.571649493718921	0.571649493718921	0.64956
54	0.05	0.5022341733948646	0.5022341733948646	0.66025
55	0.05	0.49377050377109116	0.49377050377109116	0.65077
56	0.05	0.4918056361147573	0.4918056361147573	0.66377
57	0.05	0.4583081676032918	0.4583081676032918	0.64195
58	0.05	0.5160746660094082	0.5160746660094082	0.64003
59	0.05	0.5236323957372686	0.5236323957372686	0.66354
60	0.05	0.4936863734272596	0.4936863734272596	0.65904
61	0.05	0.513326466773396	0.513326466773396	0.65217
62	0.05	0.4809454784695378	0.4809454784695378	0.63953
63	0.05	0.5242082147113863	0.5242082147113863	0.68679
64	0.05	0.5249915631485976	0.5249915631485976	0.64997
65	0.05	0.4544657364537268	0.4544657364537268	0.64961
66	0.05	0.4965396871646601	0.4965396871646601	0.64527
67	0.05	0.5116605389573023	0.5116605389573023	0.64133
68	0.05	0.5324468792959988	0.5324468792959988	0.64154
69	0.05	0.5428169757964771	0.5428169757964771	0.64339
70	0.05	0.5244602562873408	0.5244602562873408	0.63597
71	0.05	0.4678931319633788	0.4678931319633788	0.64647
72	0.05	0.5259109775146436	0.5259109775146436	0.64156
73	0.05	0.5417019491861547	0.5417019491861547	0.62567
74	0.05	0.5371561086466109	0.5371561086466109	0.64139
75	0.05	0.5069228075888056	0.5069228075888056	0.64128
76	0.05	0.5617152037290867	0.5617152037290867	0.67565
77	0.05	0.5018440782608108	0.5018440782608108	0.63116
78	0.05	0.4405261839443922	0.4405261839443922	0.64076
79	0.05	0.5258249752988966	0.5258249752988966	0.64052
80	0.05	0.5344282418861402	0.5344282418861402	0.63865
81	0.05	0.5255107657817581	0.5255107657817581	0.63588
82	0.05	0.5518038685505572	0.5518038685505572	0.65068
83	0.05	0.5282079435778382	0.5282079435778382	0.6228
84	0.05	0.5017431620619417	0.5017431620619417	0.62056
85	0.05	0.5250182250462592	0.5250182250462592	0.68322
86	0.05	0.5227583871740261	0.5227583871740261	0.65329
87	0.05	0.47236819905459254	0.47236819905459254	0.64116
88	0.05	0.48366427823719765	0.48366427823719765	0.71394
89	0.05	0.5446194393596018	0.5446194393596018	0.66287
90	0.05	0.5640181729035659	0.5640181729035659	0.62584
91	0.05	0.4911859268695196	0.4911859268695196	0.62904
92	0.05	0.48211368964030477	0.48211368964030477	0.64007
93	0.05	0.5482676760885223	0.5482676760885223	0.60208
94	0.05	0.592524651286073	0.592524651286073	0.64621
95	0.05	0.5177227226211949	0.5177227226211949	0.62944
96	0.05	0.47790465537805016	0.47790465537805016	0.63299
97	0.05	0.5011689221858203	0.5011689221858203	0.6318
98	0.05	0.5544512101746535	0.5544512101746535	0.62994
99	0.05	0.507175870941969	0.507175870941969	0.63673
100	0.1	0.3429397394517232	0.3429397394517232	0.64688
101	0.1	0.305382443543756	0.305382443543756	0.65783
102	0.1	0.2888889018849793	0.2888889018849793	0.64514
103	0.1	0.3110829641283549	0.3110829641283549	0.62665
104	0.1	0.3326484483002424	0.3326484483002424	0.62061
105	0.1	0.38570552241279743	0.38570552241279743	0.63108
106	0.1	0.36258548485406583	0.36258548485406583	0.62608
107	0.1	0.2638531312420389	0.2638531312420389	0.64295
108	0.1	0.31942934124194805	0.31942934124194805	0.63284
109	0.1	0.3381211656080273	0.3381211656080273	0.63617
110	0.1	0.25842903273045276	0.25842903273045276	0.68406
111	0.1	0.27506765185258264	0.27506765185258264	0.63181
112	0.1	0.30573659422830823	0.30573659422830823	0.63281
113	0.1	0.30536623893662346	0.30536623893662346	0.64341
114	0.1	0.3649344372253025	0.3649344372253025	0.6427
115	0.1	0.3044474013360936	0.3044474013360936	0.64735
116	0.1	0.25323136868995355	0.25323136868995355	0.64042
117	0.1	0.3680913171913321	0.3680913171913321	0.63701
118	0.1	0.3193378169859285	0.3193378169859285	0.64517
119	0.1	0.2925770870344432	0.2925770870344432	0.64427
120	0.1	0.29819216460378145	0.29819216460378145	0.63248
121	0.1	0.3207407928616383	0.3207407928616383	0.6305
122	0.1	0.4041617195282586	0.4041617195282586	0.62468
123	0.1	0.3137858282372473	0.3137858282372473	0.64595
124	0.1	0.3237880157254702	0.3237880157254702	0.63721
125	0.1	0.2915857719882541	0.2915857719882541	0.65313
126	0.1	0.3074666035293576	0.3074666035293576	0.62714
127	0.1	0.31338698647455115	0.31338698647455115	0.62899
128	0.1	0.3429590924632902	0.3429590924632902	0.6507
129	0.1	0.3333494266015515	0.3333494266015515	0.65573
130	0.1	0.38977416250417407	0.38977416250417407	0.63397
131	0.1	0.3285195066189361	0.3285195066189361	0.66472
132	0.1	0.3279926003254588	0.3279926003254588	0.64593
133	0.1	0.2881693356052365	0.2881693356052365	0.65314
134	0.1	0.2845707892063326	0.2845707892063326	0.66647
135	0.1	0.31736291553249885	0.31736291553249885	0.64193
136	0.1	0.3318510536583728	0.3318510536583728	0.62856
137	0.1	0.303659401835155	0.303659401835155	0.63701
138	0.1	0.3451585494619359	0.3451585494619359	0.64126
139	0.1	0.31995688073424045	0.31995688073424045	0.64286
140	0.1	0.31121645871356235	0.31121645871356235	0.64145
141	0.1	0.3668626205671147	0.3668626205671147	0.63524
142	0.1	0.3205089083182706	0.3205089083182706	0.68312
143	0.1	0.342072444633486	0.342072444633486	0.63932
144	0.1	0.31431799431699464	0.31431799431699464	0.65159
145	0.1	0.3199613675986994	0.3199613675986994	0.64918
146	0.1	0.300807355894161	0.300807355894161	0.6471
147	0.1	0.30419857618356083	0.30419857618356083	0.63821
148	0.1	0.2479278160116267	0.2479278160116267	0.64846
149	0.1	0.3795002977708566	0.3795002977708566	0.65625
150	0.15	0.21020742171134582	0.21020742171134582	0.6465
151	0.15	0.19797877706156522	0.19797877706156522	0.6797
152	0.15	0.2266959422683985	0.2266959422683985	0.64952
153	0.15	0.22669138088874535	0.22669138088874535	0.67232
154	0.15	0.18748181137410316	0.18748181137410316	0.65046
155	0.15	0.20734178384750393	0.20734178384750393	0.65428
156	0.15	0.2066315930669209	0.2066315930669209	0.65289
157	0.15	0.22136028853254996	0.22136028853254996	0.65066
158	0.15	0.18210388282179332	0.18210388282179332	0.64341
159	0.15	0.21266522821548137	0.21266522821548137	0.65536
160	0.15	0.2107130552369202	0.2107130552369202	0.65858
161	0.15	0.19153585912959883	0.19153585912959883	0.6624
162	0.15	0.21262840829931184	0.21262840829931184	0.66476
163	0.15	0.1798052249230379	0.1798052249230379	0.6552
164	0.15	0.18766086353314942	0.18766086353314942	0.73095
165	0.15	0.16966269328074735	0.16966269328074735	0.69448
166	0.15	0.2360439264240516	0.2360439264240516	0.65373
167	0.15	0.20100150568896222	0.20100150568896222	0.62909
168	0.15	0.2140576792049681	0.2140576792049681	0.64137
169	0.15	0.20034904364743505	0.20034904364743505	0.65265
170	0.15	0.1995832926073425	0.1995832926073425	0.65542
171	0.15	0.1807506255216242	0.1807506255216242	0.66992
172	0.15	0.2868603458509607	0.2868603458509607	0.66184
173	0.15	0.18059524968024396	0.18059524968024396	0.65019
174	0.15	0.2416087284069712	0.2416087284069712	0.68363
175	0.15	0.18336429112196717	0.18336429112196717	0.64499
176	0.15	0.18531770249842602	0.18531770249842602	0.64828
177	0.15	0.21181512254840232	0.21181512254840232	0.64591
178	0.15	0.21820077479356273	0.21820077479356273	0.70636
179	0.15	0.2698074357208334	0.2698074357208334	0.65057
180	0.15	0.18078937792634517	0.18078937792634517	0.70638
181	0.15	0.20177091233324582	0.20177091233324582	0.70412
182	0.15	0.23472022121840078	0.23472022121840078	0.69073
183	0.15	0.18867816393033576	0.18867816393033576	0.70107
184	0.15	0.20018086342834238	0.20018086342834238	0.69506
185	0.15	0.20568981685743223	0.20568981685743223	0.69329
186	0.15	0.19328875174706373	0.19328875174706373	0.69111
187	0.15	0.2540984704928329	0.2540984704928329	0.65836
188	0.15	0.17576361501304388	0.17576361501304388	0.69312
189	0.15	0.18344044749942742	0.18344044749942742	0.6564
190	0.15	0.19410927666201414	0.19410927666201414	0.67733
191	0.15	0.20271200316861876	0.20271200316861876	0.65793
192	0.15	0.15992723242052628	0.15992723242052628	0.63744
193	0.15	0.18479392487967905	0.18479392487967905	0.64753
194	0.15	0.18664160528837448	0.18664160528837448	0.6485
195	0.15	0.18089725311351362	0.18089725311351362	0.63338
196	0.15	0.21096673548512596	0.21096673548512596	0.66026
197	0.15	0.20024221674336798	0.20024221674336798	0.61993
198	0.15	0.2190152085123614	0.2190152085123614	0.67492
199	0.15	0.19642887339527407	0.19642887339527407	0.64492
200	0.2	0.14948825795580606	0.14948825795580606	0.64635
201	0.2	0.10942387155510723	0.10942387155510723	0.6361
202	0.2	0.13420604974160616	0.13420604974160616	0.64496
203	0.2	0.10551242335412338	0.10551242335412338	0.68053
204	0.2	0.1468170958421327	0.1468170958421327	0.65255
205	0.2	0.12728332015362104	0.12728332015362104	0.63945
206	0.2	0.15106027969143251	0.15106027969143251	0.64945
207	0.2	0.09978872916952568	0.09978872916952568	0.62977
208	0.2	0.11304425706796553	0.11304425706796553	0.64814
209	0.2	0.1195945407712156	0.1195945407712156	0.64426
210	0.2	0.12169620024984708	0.12169620024984708	0.68488
211	0.2	0.111227020998143	0.111227020998143	0.68903
212	0.2	0.12909907867746834	0.12909907867746834	0.62831
213	0.2	0.11442170517587012	0.11442170517587012	0.6579
214	0.2	0.13348511008294617	0.13348511008294617	0.65006
215	0.2	0.14874197919735888	0.14874197919735888	0.64241
216	0.2	0.1424987551802202	0.1424987551802202	0.64919
217	0.2	0.11975828044503553	0.11975828044503553	0.66101
218	0.2	0.12228119496819584	0.12228119496819584	0.6647
219	0.2	0.1258869923554264	0.1258869923554264	0.66545
220	0.2	0.14346749913008616	0.14346749913008616	0.66506
221	0.2	0.1230166305010659	0.1230166305010659	0.66914
222	0.2	0.10817626615986646	0.10817626615986646	0.66227
223	0.2	0.09837102336286738	0.09837102336286738	0.66099
224	0.2	0.10765063720862914	0.10765063720862914	0.66154
225	0.2	0.14665613430756896	0.14665613430756896	0.66627
226	0.2	0.11336098699806194	0.11336098699806194	0.67567
227	0.2	0.11608377331146986	0.11608377331146986	0.64173
228	0.2	0.10366683030216318	0.10366683030216318	0.64331
229	0.2	0.1410193988152828	0.1410193988152828	0.64163
230	0.2	0.12449416244388431	0.12449416244388431	0.64607
231	0.2	0.10661833862207414	0.10661833862207414	0.66006
232	0.2	0.13315055449666624	0.13315055449666624	0.64143
233	0.2	0.12380348354617847	0.12380348354617847	0.64803
234	0.2	0.1366595965167528	0.1366595965167528	0.64393
235	0.2	0.14479122918947057	0.14479122918947057	0.65687
236	0.2	0.12526209954640877	0.12526209954640877	0.65188
237	0.2	0.14246472919309133	0.14246472919309133	0.66449
238	0.2	0.12725819110890654	0.12725819110890654	0.66379
239	0.2	0.09125564328243875	0.09125564328243875	0.65125
240	0.2	0.08866723343986875	0.08866723343986875	0.63077
241	0.2	0.10606776170264752	0.10606776170264752	0.67354
242	0.2	0.11628268054636225	0.11628268054636225	0.66507
243	0.2	0.10864197193933788	0.10864197193933788	0.66666
244	0.2	0.0989935225651782	0.0989935225651782	0.67122
245	0.2	0.12193932806292597	0.12193932806292597	0.6792
246	0.2	0.1283894632026825	0.1283894632026825	0.6637
247	0.2	0.12245034003963651	0.12245034003963651	0.65457
248	0.2	0.15260874190347556	0.15260874190347556	0.67094
249	0.2	0.1294438929744322	0.1294438929744322	0.66964
250	0.25	0.08441895511573567	0.08441895511573567	0.66221
251	0.25	0.08555821573966783	0.08555821573966783	0.67455
252	0.25	0.08192113751679216	0.08192113751679216	0.65334
253	0.25	0.07600491015985125	0.07600491015985125	0.6697
254	0.25	0.07739145885123135	0.07739145885123135	0.6493
255	0.25	0.09099788279936749	0.09099788279936749	0.67007
256	0.25	0.09291825854291955	0.09291825854291955	0.67193
257	0.25	0.11021912317754633	0.11021912317754633	0.6776
258	0.25	0.08024895647165799	0.08024895647165799	0.65362
259	0.25	0.09516181334190658	0.09516181334190658	0.67746
260	0.25	0.07976539510154552	0.07976539510154552	0.67321
261	0.25	0.07912778905207075	0.07912778905207075	0.65338
262	0.25	0.07494519294339663	0.07494519294339663	0.6475
263	0.25	0.10564406255107395	0.10564406255107395	0.64439
264	0.25	0.07910781422009841	0.07910781422009841	0.64803
265	0.25	0.08305428535688904	0.08305428535688904	0.65203
266	0.25	0.08497410189118229	0.08497410189118229	0.70566
267	0.25	0.0735887808191293	0.0735887808191293	0.67937
268	0.25	0.08750367290730678	0.08750367290730678	0.66616
269	0.25	0.08196973255857144	0.08196973255857144	0.64888
270	0.25	0.0858553958203467	0.0858553958203467	0.72337
271	0.25	0.07424465183397973	0.07424465183397973	0.66307
272	0.25	0.07169106413291132	0.07169106413291132	0.68037
273	0.25	0.09070366304238678	0.09070366304238678	0.65323
274	0.25	0.08931593582739518	0.08931593582739518	0.66628
275	0.25	0.05320810975792831	0.05320810975792831	0.7042
276	0.25	0.07290422647357887	0.07290422647357887	0.66667
277	0.25	0.08059135143986879	0.08059135143986879	0.6532
278	0.25	0.0875874222115403	0.0875874222115403	0.6656
279	0.25	0.10033615406862192	0.10033615406862192	0.67591
280	0.25	0.07325489528496225	0.07325489528496225	0.6955
281	0.25	0.07652681147544492	0.07652681147544492	0.65105
282	0.25	0.08836545537427937	0.08836545537427937	0.66698
283	0.25	0.110018994716718	0.110018994716718	0.6529
284	0.25	0.08747661938673881	0.08747661938673881	0.66677
285	0.25	0.08472837593028003	0.08472837593028003	0.68736
286	0.25	0.08295840287467186	0.08295840287467186	0.65769
287	0.25	0.07385873709169181	0.07385873709169181	0.6693
288	0.25	0.0750939912895611	0.0750939912895611	0.6625
289	0.25	0.06472388035982429	0.06472388035982429	0.64429
290	0.25	0.06984528793395062	0.06984528793395062	0.66669
291	0.25	0.08387654441481446	0.08387654441481446	0.64183
292	0.25	0.10947934921912963	0.10947934921912963	0.65485
293	0.25	0.07855922883706787	0.07855922883706787	0.63833
294	0.25	0.08949132057406636	0.08949132057406636	0.65908
295	0.25	0.07146902992650263	0.07146902992650263	0.66286
296	0.25	0.07896114249337635	0.07896114249337635	0.64938
297	0.25	0.10628076389855895	0.10628076389855895	0.6409
298	0.25	0.07782947440182784	0.07782947440182784	0.66454
299	0.25	0.09948266069193079	0.09948266069193079	0.65852
300	0.3	0.0448645404700105	0.0448645404700105	0.67522
301	0.3	0.05468357197077151	0.05468357197077151	0.65142
302	0.3	0.05798977732565305	0.05798977732565305	0.66897
303	0.3	0.07313910552344524	0.07313910552344524	0.67817
304	0.3	0.04103144854420438	0.04103144854420438	0.64611
305	0.3	0.059993657781676514	0.059993657781676514	0.65818
306	0.3	0.05545653580239226	0.05545653580239226	0.64926
307	0.3	0.053359623708983936	0.053359623708983936	0.66434
308	0.3	0.06064236214267381	0.06064236214267381	0.68548
309	0.3	0.05827369310162583	0.05827369310162583	0.65197
310	0.3	0.04953690048864203	0.04953690048864203	0.64882
311	0.3	0.0709612438675137	0.0709612438675137	0.6509
312	0.3	0.07444624350613947	0.07444624350613947	0.65251
313	0.3	0.03869916839573509	0.03869916839573509	0.67179
314	0.3	0.04916246117805007	0.04916246117805007	0.64362
315	0.3	0.05874112431708485	0.05874112431708485	0.70304
316	0.3	0.05218419926085174	0.05218419926085174	0.64587
317	0.3	0.056358460329942	0.056358460329942	0.64748
318	0.3	0.060472549882197316	0.060472549882197316	0.67032
319	0.3	0.05278292655364457	0.05278292655364457	0.65059
320	0.3	0.04718017944323526	0.04718017944323526	0.71513
321	0.3	0.0667865682328569	0.0667865682328569	0.64599
322	0.3	0.0662352514715618	0.0662352514715618	0.6529
323	0.3	0.048908003883408074	0.048908003883408074	0.65703
324	0.3	0.06504694694816465	0.06504694694816465	0.64732
325	0.3	0.062455024170204945	0.062455024170204945	0.66708
326	0.3	0.0928272193783608	0.0928272193783608	0.67046
327	0.3	0.05430648297057599	0.05430648297057599	0.62917
328	0.3	0.06072629074840296	0.06072629074840296	0.64996
329	0.3	0.05722741471843615	0.05722741471843615	0.64996
330	0.3	0.05516915512125177	0.05516915512125177	0.66374
331	0.3	0.07637623013908929	0.07637623013908929	0.64971
332	0.3	0.05510400681747721	0.05510400681747721	0.69318
333	0.3	0.05982226340963334	0.05982226340963334	0.67202
334	0.3	0.06569304024206782	0.06569304024206782	0.6598
335	0.3	0.04918940682106687	0.04918940682106687	0.66868
336	0.3	0.0587755077941675	0.0587755077941675	0.66052
337	0.3	0.05948329202046361	0.05948329202046361	0.65829
338	0.3	0.041498895334775555	0.041498895334775555	0.65961
339	0.3	0.05136924863553752	0.05136924863553752	0.66644
340	0.3	0.07138228568545575	0.07138228568545575	0.67521
341	0.3	0.060795563590246925	0.060795563590246925	0.6633
342	0.3	0.05255300469781605	0.05255300469781605	0.65078
343	0.3	0.05467540175746127	0.05467540175746127	0.67903
344	0.3	0.05710808923185016	0.05710808923185016	0.6684
345	0.3	0.05763081948360414	0.05763081948360414	0.65594
346	0.3	0.05669868716527087	0.05669868716527087	0.66943
347	0.3	0.051053887495256016	0.051053887495256016	0.66104
348	0.3	0.053724540101882684	0.053724540101882684	0.65144
349	0.3	0.061376487159328426	0.061376487159328426	0.63987
350	0.35	0.041966790627480176	0.041966790627480176	0.69126
351	0.35	0.03479117719869279	0.03479117719869279	0.65107
352	0.35	0.03588545313934723	0.03588545313934723	0.66765
353	0.35	0.04414368425528685	0.04414368425528685	0.66385
354	0.35	0.04098088030189001	0.04098088030189001	0.66493
355	0.35	0.04061199943141465	0.04061199943141465	0.65934
356	0.35	0.0316107032319889	0.0316107032319889	0.64492
357	0.35	0.04216901772554965	0.04216901772554965	0.65925
358	0.35	0.050070661986963826	0.050070661986963826	0.65741
359	0.35	0.03760130947148502	0.03760130947148502	0.6415
360	0.35	0.039683828267421006	0.039683828267421006	0.66068
361	0.35	0.03196408411076124	0.03196408411076124	0.66009
362	0.35	0.042858016292091364	0.042858016292091364	0.66015
363	0.35	0.04591896722221528	0.04591896722221528	0.68347
364	0.35	0.0407711293598084	0.0407711293598084	0.65371
365	0.35	0.0452761771216492	0.0452761771216492	0.66322
366	0.35	0.0318425078094663	0.0318425078094663	0.65897
367	0.35	0.04448135840752686	0.04448135840752686	0.64287
368	0.35	0.03725754185876307	0.03725754185876307	0.64226
369	0.35	0.03784325344763202	0.03784325344763202	0.64447
370	0.35	0.0383061488798075	0.0383061488798075	0.64542
371	0.35	0.030799424949938654	0.030799424949938654	0.64956
372	0.35	0.03535066888104289	0.03535066888104289	0.67509
373	0.35	0.03386268124918378	0.03386268124918378	0.64632
374	0.35	0.04656059990904228	0.04656059990904228	0.66495
375	0.35	0.04677856023055056	0.04677856023055056	0.671
376	0.35	0.03995903620690493	0.03995903620690493	0.65887
377	0.35	0.036839981004627834	0.036839981004627834	0.6692
378	0.35	0.04977711348925081	0.04977711348925081	0.68426
379	0.35	0.04867522290172517	0.04867522290172517	0.66469
380	0.35	0.0597762258646285	0.0597762258646285	0.65385
381	0.35	0.03546085960117163	0.03546085960117163	0.67207
382	0.35	0.028491535836078892	0.028491535836078892	0.6562
383	0.35	0.03764455731888467	0.03764455731888467	0.65944
384	0.35	0.030578954687264282	0.030578954687264282	0.71917
385	0.35	0.03683181732102997	0.03683181732102997	0.65783
386	0.35	0.031937184580497185	0.031937184580497185	0.65512
387	0.35	0.037545546597860135	0.037545546597860135	0.66027
388	0.35	0.02874743011819477	0.02874743011819477	0.68113
389	0.35	0.03587369976074267	0.03587369976074267	0.64305
390	0.35	0.03404364969081337	0.03404364969081337	0.65735
391	0.35	0.03858040026341297	0.03858040026341297	0.65291
392	0.35	0.042347324213305934	0.042347324213305934	0.67794
393	0.35	0.03032168555715305	0.03032168555715305	0.6637
394	0.35	0.04233452872360322	0.04233452872360322	0.65777
395	0.35	0.03506436614590129	0.03506436614590129	0.6721
396	0.35	0.04004470065010662	0.04004470065010662	0.66909
397	0.35	0.03373268640909131	0.03373268640909131	0.67195
398	0.35	0.04184663823869318	0.04184663823869318	0.66901
399	0.35	0.04798518368484044	0.04798518368484044	0.65609
400	0.4	0.01578282520276142	0.01578282520276142	0.6822
401	0.4	0.01660545907104962	0.01660545907104962	0.71805
402	0.4	0.02613631909113262	0.02613631909113262	0.69549
403	0.4	0.025221116788364552	0.025221116788364552	0.66378
404	0.4	0.0260696669603068	0.0260696669603068	0.67932
405	0.4	0.023112434398080382	0.023112434398080382	0.67442
406	0.4	0.026556756801599503	0.026556756801599503	0.67604
407	0.4	0.02737281755305174	0.02737281755305174	0.6962
408	0.4	0.02782976903369506	0.02782976903369506	0.65258
409	0.4	0.021924744863783163	0.021924744863783163	0.65463
410	0.4	0.024061965090112297	0.024061965090112297	0.6779
411	0.4	0.03338256356751238	0.03338256356751238	0.65994
412	0.4	0.025986815717368966	0.025986815717368966	0.68347
413	0.4	0.031687580203125336	0.031687580203125336	0.68278
414	0.4	0.029659051649195207	0.029659051649195207	0.65879
415	0.4	0.030009180573609837	0.030009180573609837	0.67769
416	0.4	0.024349115385477498	0.024349115385477498	0.65219
417	0.4	0.03163002273323334	0.03163002273323334	0.67563
418	0.4	0.025332037245342828	0.025332037245342828	0.73082
419	0.4	0.03254098348906579	0.03254098348906579	0.64805
420	0.4	0.025331103353704403	0.025331103353704403	0.66059
421	0.4	0.021915013027216428	0.021915013027216428	0.65851
422	0.4	0.02210288376536563	0.02210288376536563	0.67431
423	0.4	0.035283242964929795	0.035283242964929795	0.6742
424	0.4	0.020097387666527865	0.020097387666527865	0.65204
425	0.4	0.02940948504977699	0.02940948504977699	0.6746
426	0.4	0.029541349898398187	0.029541349898398187	0.65355
427	0.4	0.02341822304245887	0.02341822304245887	0.67175
428	0.4	0.02130167308063186	0.02130167308063186	0.65468
429	0.4	0.024332587270648395	0.024332587270648395	0.6568
430	0.4	0.018959624929965595	0.018959624929965595	0.65105
431	0.4	0.0327644049739368	0.0327644049739368	0.68177
432	0.4	0.025214936531816827	0.025214936531816827	0.69326
433	0.4	0.05058344659451561	0.05058344659451561	0.65831
434	0.4	0.03550302844349405	0.03550302844349405	0.65888
435	0.4	0.016660684468117384	0.016660684468117384	0.65142
436	0.4	0.024218723950926876	0.024218723950926876	0.64756
437	0.4	0.029033213882972676	0.029033213882972676	0.67961
438	0.4	0.017930356474902157	0.017930356474902157	0.66022
439	0.4	0.019075405798400006	0.019075405798400006	0.67957
440	0.4	0.02771872619476488	0.02771872619476488	0.68537
441	0.4	0.038757922046222575	0.038757922046222575	0.66591
442	0.4	0.029042099188241723	0.029042099188241723	0.69263
443	0.4	0.022007897751852624	0.022007897751852624	0.66765
444	0.4	0.028428566977650727	0.028428566977650727	0.67301
445	0.4	0.022621477360263577	0.022621477360263577	0.66453
446	0.4	0.028370721960208747	0.028370721960208747	0.67475
447	0.4	0.03182728365176433	0.03182728365176433	0.67619
448	0.4	0.02055236990812525	0.02055236990812525	0.65724
449	0.4	0.02995187613748203	0.02995187613748203	0.67138
450	0.45	0.015648716126162785	0.015648716126162785	0.68437
451	0.45	0.018976000972004022	0.018976000972004022	0.71646
452	0.45	0.02876849679255789	0.02876849679255789	0.74442
453	0.45	0.013881512801282846	0.013881512801282846	0.69876
454	0.45	0.02676344675418112	0.02676344675418112	0.6929
455	0.45	0.016785163432832442	0.016785163432832442	0.65342
456	0.45	0.01626259778111263	0.01626259778111263	0.66039
457	0.45	0.01736062794691904	0.01736062794691904	0.68967
458	0.45	0.013921133438156381	0.013921133438156381	0.68142
459	0.45	0.015756680293606138	0.015756680293606138	0.67199
460	0.45	0.023823881667180875	0.023823881667180875	0.67511
461	0.45	0.017222182647596396	0.017222182647596396	0.67266
462	0.45	0.012478687546646394	0.012478687546646394	0.65618
463	0.45	0.017986989872060422	0.017986989872060422	0.67031
464	0.45	0.0204436183138258	0.0204436183138258	0.68953
465	0.45	0.023393526069681064	0.023393526069681064	0.67078
466	0.45	0.015472272521377535	0.015472272521377535	0.6715
467	0.45	0.02051953387609698	0.02051953387609698	0.675
468	0.45	0.019702319915377357	0.019702319915377357	0.6588
469	0.45	0.014025705520865222	0.014025705520865222	0.68337
470	0.45	0.01681584168407013	0.01681584168407013	0.6748
471	0.45	0.014213638364317853	0.014213638364317853	0.66727
472	0.45	0.029323451311116328	0.029323451311116328	0.67578
473	0.45	0.022038073383069172	0.022038073383069172	0.67613
474	0.45	0.019677150280926783	0.019677150280926783	0.69118
475	0.45	0.013380252489222904	0.013380252489222904	0.67181
476	0.45	0.020631261114905906	0.020631261114905906	0.67461
477	0.45	0.020599252023955152	0.020599252023955152	0.67601
478	0.45	0.01939541156908014	0.01939541156908014	0.67421
479	0.45	0.02390648103225935	0.02390648103225935	0.70429
480	0.45	0.01902090112790936	0.01902090112790936	0.66276
481	0.45	0.02105424211143492	0.02105424211143492	0.6803
482	0.45	0.01733593001748898	0.01733593001748898	0.68064
483	0.45	0.021103739587453412	0.021103739587453412	0.65918
484	0.45	0.013983897287631665	0.013983897287631665	0.65522
485	0.45	0.018212312531698544	0.018212312531698544	0.66311
486	0.45	0.013073673176110913	0.013073673176110913	0.72681
487	0.45	0.0211113601748126	0.0211113601748126	0.67206
488	0.45	0.02137432174303638	0.02137432174303638	0.66049
489	0.45	0.029823736171894943	0.029823736171894943	0.66598
490	0.45	0.020451752918468142	0.020451752918468142	0.65781
491	0.45	0.016322988517703984	0.016322988517703984	0.68351
492	0.45	0.01993970316907552	0.01993970316907552	0.67004
493	0.45	0.01725838192411035	0.01725838192411035	0.66985
494	0.45	0.016078141082057927	0.016078141082057927	0.66513
495	0.45	0.018509151641344247	0.018509151641344247	0.65599
496	0.45	0.0274418228600219	0.0274418228600219	0.68321
497	0.45	0.013391123893890274	0.013391123893890274	0.65692
498	0.45	0.02385620042636138	0.02385620042636138	0.6588
499	0.45	0.024278512552532563	0.024278512552532563	0.66387
500	0.5	0.014351668564801974	0.014351668564801974	0.65713
501	0.5	0.015536023558392252	0.015536023558392252	0.67003
502	0.5	0.012172979765284971	0.012172979765284971	0.67118
503	0.5	0.010388100172869473	0.010388100172869473	0.66364
504	0.5	0.014953365818996717	0.014953365818996717	0.67149
505	0.5	0.01495386276595548	0.01495386276595548	0.66745
506	0.5	0.01410141023752612	0.01410141023752612	0.68864
507	0.5	0.011392490819920921	0.011392490819920921	0.65604
508	0.5	0.017963666548253304	0.017963666548253304	0.67856
509	0.5	0.013547749598304728	0.013547749598304728	0.65962
510	0.5	0.012974847240012839	0.012974847240012839	0.66208
511	0.5	0.010179006915103542	0.010179006915103542	0.67887
512	0.5	0.02505750501877595	0.02505750501877595	0.65399
513	0.5	0.016480706354352736	0.016480706354352736	0.66232
514	0.5	0.007446881723367594	0.007446881723367594	0.6685
515	0.5	0.008722057877202295	0.008722057877202295	0.66178
516	0.5	0.011227316602814093	0.011227316602814093	0.67804
517	0.5	0.018858551540096923	0.018858551540096923	0.65765
518	0.5	0.011100332828564721	0.011100332828564721	0.65401
519	0.5	0.00809553782397984	0.00809553782397984	0.6777
520	0.5	0.014949704853878185	0.014949704853878185	0.72684
521	0.5	0.010447556812354082	0.010447556812354082	0.66171
522	0.5	0.025314740141411163	0.025314740141411163	0.65881
523	0.5	0.010411001705966167	0.010411001705966167	0.66761
524	0.5	0.01778430194459399	0.01778430194459399	0.66193
525	0.5	0.012047846022686446	0.012047846022686446	0.67448
526	0.5	0.010718410669735386	0.010718410669735386	0.70336
527	0.5	0.014846627929787384	0.014846627929787384	0.65874
528	0.5	0.013903481098931593	0.013903481098931593	0.67671
529	0.5	0.014057816553235774	0.014057816553235774	0.69814
530	0.5	0.018423067576185618	0.018423067576185618	0.65835
531	0.5	0.015564224315610045	0.015564224315610045	0.68644
532	0.5	0.008371460538923655	0.008371460538923655	0.67224
533	0.5	0.013560750270118778	0.013560750270118778	0.68481
534	0.5	0.015386226180121268	0.015386226180121268	0.69124
535	0.5	0.011411573921483488	0.011411573921483488	0.68517
536	0.5	0.012922838835106212	0.012922838835106212	0.68371
537	0.5	0.012608786810210205	0.012608786810210205	0.6914
538	0.5	0.011851446649019272	0.011851446649019272	0.70536
539	0.5	0.008190701065617636	0.008190701065617636	0.66427
540	0.5	0.010220181972732466	0.010220181972732466	0.68876
541	0.5	0.009343643085321306	0.009343643085321306	0.6833
542	0.5	0.011796731308703573	0.011796731308703573	0.67613
543	0.5	0.014413226079541071	0.014413226079541071	0.68014
544	0.5	0.022580601188387305	0.022580601188387305	0.6715
545	0.5	0.013978669704797875	0.013978669704797875	0.67301
546	0.5	0.010370837162460948	0.010370837162460948	0.6966
547	0.5	0.010421496192203273	0.010421496192203273	0.68683
548	0.5	0.012921154040072937	0.012921154040072937	0.67961
549	0.5	0.011927097396151566	0.011927097396151566	0.66189
550	0.55	0.008009248038443351	0.008009248038443351	0.66586
551	0.55	0.009616276282105138	0.009616276282105138	0.67807
552	0.55	0.00842062200907537	0.00842062200907537	0.69311
553	0.55	0.006283683671401625	0.006283683671401625	0.68973
554	0.55	0.00948203305068125	0.00948203305068125	0.71897
555	0.55	0.011631175157562477	0.011631175157562477	0.68548
556	0.55	0.01007557638052004	0.01007557638052004	0.66096
557	0.55	0.010829092922327171	0.010829092922327171	0.67549
558	0.55	0.008618510899179706	0.008618510899179706	0.66887
559	0.55	0.007250149632890692	0.007250149632890692	0.66479
560	0.55	0.011549153513547948	0.011549153513547948	0.6674
561	0.55	0.009383405811740573	0.009383405811740573	0.686
562	0.55	0.010689650833321261	0.010689650833321261	0.69762
563	0.55	0.0077668526559766474	0.0077668526559766474	0.67978
564	0.55	0.008261835112254189	0.008261835112254189	0.70417
565	0.55	0.005811888571140183	0.005811888571140183	0.70196
566	0.55	0.011232422946867493	0.011232422946867493	0.70696
567	0.55	0.010439368462297772	0.010439368462297772	0.70494
568	0.55	0.01228256034340967	0.01228256034340967	0.71192
569	0.55	0.008844474986542535	0.008844474986542535	0.69488
570	0.55	0.01098657215618269	0.01098657215618269	0.69092
571	0.55	0.010967772969356766	0.010967772969356766	0.68769
572	0.55	0.012778746768248587	0.012778746768248587	0.67638
573	0.55	0.0073192732693654694	0.0073192732693654694	0.69852
574	0.55	0.009738980627173512	0.009738980627173512	0.69616
575	0.55	0.01147890430521652	0.01147890430521652	0.68883
576	0.55	0.006152766899062608	0.006152766899062608	0.682
577	0.55	0.010008415789107265	0.010008415789107265	0.69001
578	0.55	0.010775833537705571	0.010775833537705571	0.71111
579	0.55	0.009962189424786437	0.009962189424786437	0.68617
580	0.55	0.007783301001184696	0.007783301001184696	0.6892
581	0.55	0.009854377907202644	0.009854377907202644	0.69313
582	0.55	0.008526832675735233	0.008526832675735233	0.64164
583	0.55	0.008542819864928	0.008542819864928	0.68663
584	0.55	0.0036711162451013597	0.0036711162451013597	0.6964
585	0.55	0.00817837725224204	0.00817837725224204	0.68361
586	0.55	0.007346677876696671	0.007346677876696671	0.68536
587	0.55	0.01128513220887499	0.01128513220887499	0.74198
588	0.55	0.008169471623529639	0.008169471623529639	0.68438
589	0.55	0.007406101404062703	0.007406101404062703	0.67958
590	0.55	0.012588085676079589	0.012588085676079589	0.67512
591	0.55	0.011604345007456577	0.011604345007456577	0.6765
592	0.55	0.01052840698505775	0.01052840698505775	0.67635
593	0.55	0.011163964689759177	0.011163964689759177	0.67749
594	0.55	0.009213696579662615	0.009213696579662615	0.68232
595	0.55	0.011289831781676894	0.011289831781676894	0.68008
596	0.55	0.008052220193652062	0.008052220193652062	0.68804
597	0.55	0.00915339909122064	0.00915339909122064	0.66965
598	0.55	0.011876550873904376	0.011876550873904376	0.68038
599	0.55	0.015414629541988047	0.015414629541988047	0.67513
600	0.6	0.007185117344663178	0.007185117344663178	0.70251
601	0.6	0.005597233394301288	0.005597233394301288	0.69148
602	0.6	0.007333158638393951	0.007333158638393951	0.67369
603	0.6	0.006199430413531704	0.006199430413531704	0.67904
604	0.6	0.006008468777908658	0.006008468777908658	0.68349
605	0.6	0.004837540165544602	0.004837540165544602	0.68257
606	0.6	0.007660054056913459	0.007660054056913459	0.69028
607	0.6	0.007217615919931219	0.007217615919931219	0.70554
608	0.6	0.005294125948778352	0.005294125948778352	0.68927
609	0.6	0.009628685708613256	0.009628685708613256	0.69152
610	0.6	0.009514847406310289	0.009514847406310289	0.69266
611	0.6	0.009858409120698651	0.009858409120698651	0.707
612	0.6	0.005913177524498844	0.005913177524498844	0.68023
613	0.6	0.010209176795829111	0.010209176795829111	0.68773
614	0.6	0.006639843105273594	0.006639843105273594	0.68081
615	0.6	0.006961336471876164	0.006961336471876164	0.69358
616	0.6	0.0069439370666646	0.0069439370666646	0.69743
617	0.6	0.007006980160959985	0.007006980160959985	0.67002
618	0.6	0.007188223970373856	0.007188223970373856	0.68292
619	0.6	0.006991925263693067	0.006991925263693067	0.68461
620	0.6	0.009141812374955424	0.009141812374955424	0.67641
621	0.6	0.009324516946232226	0.009324516946232226	0.70603
622	0.6	0.008383425685484579	0.008383425685484579	0.6827
623	0.6	0.006843345987570047	0.006843345987570047	0.68685
624	0.6	0.00573641141751926	0.00573641141751926	0.69666
625	0.6	0.005954955621548572	0.005954955621548572	0.69557
626	0.6	0.00925277150846711	0.00925277150846711	0.65712
627	0.6	0.00398832727294102	0.00398832727294102	0.68471
628	0.6	0.0060295007376628225	0.0060295007376628225	0.66946
629	0.6	0.008518584584053527	0.008518584584053527	0.68566
630	0.6	0.011878394529181442	0.011878394529181442	0.68619
631	0.6	0.009949014858969587	0.009949014858969587	0.68845
632	0.6	0.004107687645249178	0.004107687645249178	0.70898
633	0.6	0.003851811497209357	0.003851811497209357	0.66987
634	0.6	0.0054368617282953766	0.0054368617282953766	0.67096
635	0.6	0.006189362878023468	0.006189362878023468	0.68611
636	0.6	0.007349869669178344	0.007349869669178344	0.6718
637	0.6	0.0068917960028237095	0.0068917960028237095	0.68146
638	0.6	0.006022883445613419	0.006022883445613419	0.67085
639	0.6	0.005567285918578313	0.005567285918578313	0.68005
640	0.6	0.004942816021048352	0.004942816021048352	0.67513
641	0.6	0.0029067970535414933	0.0029067970535414933	0.66947
642	0.6	0.003952933460116116	0.003952933460116116	0.68605
643	0.6	0.009023263754123588	0.009023263754123588	0.69886
644	0.6	0.006413463327232214	0.006413463327232214	0.6803
645	0.6	0.007521407715416712	0.007521407715416712	0.68496
646	0.6	0.0058792194113839015	0.0058792194113839015	0.69231
647	0.6	0.006677455024819643	0.006677455024819643	0.67339
648	0.6	0.0071202480060464516	0.0071202480060464516	0.68345
649	0.6	0.008777290952595483	0.008777290952595483	0.68443
650	0.65	0.002737982388260387	0.002737982388260387	0.69615
651	0.65	0.002350241737538504	0.002350241737538504	0.68371
652	0.65	0.006221082392719254	0.006221082392719254	0.66853
653	0.65	0.0064121541258171915	0.0064121541258171915	0.6849
654	0.65	0.002720513976424052	0.002720513976424052	0.71041
655	0.65	0.005259636098449857	0.005259636098449857	0.70686
656	0.65	0.004485849568862512	0.004485849568862512	0.70446
657	0.65	0.0036250315736789276	0.0036250315736789276	0.70217
658	0.65	0.006181119565920345	0.006181119565920345	0.69435
659	0.65	0.004613373170699466	0.004613373170699466	0.68673
660	0.65	0.0037725992822281494	0.0037725992822281494	0.69527
661	0.65	0.004519953903721494	0.004519953903721494	0.696
662	0.65	0.0027106019328797105	0.0027106019328797105	0.69668
663	0.65	0.006182435527582332	0.006182435527582332	0.68492
664	0.65	0.0036153381626482708	0.0036153381626482708	0.68217
665	0.65	0.003526786756472398	0.003526786756472398	0.70637
666	0.65	0.007052525059029151	0.007052525059029151	0.7078
667	0.65	0.004459348603297339	0.004459348603297339	0.68464
668	0.65	0.0014892676459541724	0.0014892676459541724	0.68603
669	0.65	0.006860045240872674	0.006860045240872674	0.69426
670	0.65	0.0043438801281639305	0.0043438801281639305	0.67261
671	0.65	0.0033753758476034817	0.0033753758476034817	0.66815
672	0.65	0.00436396567262771	0.00436396567262771	0.68387
673	0.65	0.004163590226155487	0.004163590226155487	0.67578
674	0.65	0.005618604074891104	0.005618604074891104	0.6835
675	0.65	0.00823478397510971	0.00823478397510971	0.67311
676	0.65	0.0033388226472786066	0.0033388226472786066	0.67397
677	0.65	0.007934466793841606	0.007934466793841606	0.68156
678	0.65	0.005412488958611057	0.005412488958611057	0.68796
679	0.65	0.004297813715640321	0.004297813715640321	0.67121
680	0.65	0.004349908751126748	0.004349908751126748	0.67351
681	0.65	0.005558275043027051	0.005558275043027051	0.69168
682	0.65	0.00459781859173612	0.00459781859173612	0.70923
683	0.65	0.002739875723613114	0.002739875723613114	0.68298
684	0.65	0.00918614918128776	0.00918614918128776	0.71643
685	0.65	0.0029481682085407265	0.0029481682085407265	0.69675
686	0.65	0.005044240659397706	0.005044240659397706	0.68079
687	0.65	0.003743648379924461	0.003743648379924461	0.68518
688	0.65	0.005465528798928484	0.005465528798928484	0.76905
689	0.65	0.008925371550392415	0.008925371550392415	0.69526
690	0.65	0.005853762613263781	0.005853762613263781	0.68929
691	0.65	0.003461577352004818	0.003461577352004818	0.67546
692	0.65	0.005021359487451117	0.005021359487451117	0.70094
693	0.65	0.0024409695416447	0.0024409695416447	0.6985
694	0.65	0.003848772429862928	0.003848772429862928	0.70807
695	0.65	0.004376553433849444	0.004376553433849444	0.6958
696	0.65	0.0022276875171595837	0.0022276875171595837	0.71211
697	0.65	0.008474326983729658	0.008474326983729658	0.68954
698	0.65	0.0033018820442647047	0.0033018820442647047	0.70908
699	0.65	0.0019569737369523354	0.0019569737369523354	0.69889
700	0.7	0.0033542389674259053	0.0033542389674259053	0.70017
701	0.7	0.002709497806274263	0.002709497806274263	0.68854
702	0.7	0.0019650011661914925	0.0019650011661914925	0.69411
703	0.7	0.0030552909340960358	0.0030552909340960358	0.68193
704	0.7	0.0025083680977509024	0.0025083680977509024	0.70458
705	0.7	0.004803285177961546	0.004803285177961546	0.71565
706	0.7	0.003185797640023058	0.003185797640023058	0.69041
707	0.7	0.003317647477243127	0.003317647477243127	0.70983
708	0.7	0.002388462693345833	0.002388462693345833	0.71292
709	0.7	0.0026479276783597286	0.0026479276783597286	0.72008
710	0.7	0.004223088476703475	0.004223088476703475	0.71386
711	0.7	0.004212820590880024	0.004212820590880024	0.70609
712	0.7	0.004650248127866559	0.004650248127866559	0.68154
713	0.7	0.008208297700710479	0.008208297700710479	0.70636
714	0.7	0.004061802111322422	0.004061802111322422	0.72784
715	0.7	0.003946917588223131	0.003946917588223131	0.69794
716	0.7	0.004847519162999882	0.004847519162999882	0.69011
717	0.7	0.0037014048361701723	0.0037014048361701723	0.69112
718	0.7	0.0018341268390305295	0.0018341268390305295	0.71536
719	0.7	0.0022540199177746413	0.0022540199177746413	0.69459
720	0.7	0.003340142011755625	0.003340142011755625	0.69672
721	0.7	0.0028279776055678022	0.0028279776055678022	0.70747
722	0.7	0.003499157114319245	0.003499157114319245	0.69288
723	0.7	0.004902685135394234	0.004902685135394234	0.70141
724	0.7	0.0018291378824142072	0.0018291378824142072	0.69846
725	0.7	0.0032702072514639194	0.0032702072514639194	0.69515
726	0.7	0.0047589249769215336	0.0047589249769215336	0.69152
727	0.7	0.003567868223109822	0.003567868223109822	0.7127
728	0.7	0.0023347563534971993	0.0023347563534971993	0.68818
729	0.7	0.0026460635446200124	0.0026460635446200124	0.69444
730	0.7	0.002733678265304816	0.002733678265304816	0.68097
731	0.7	0.0009935401019111531	0.0009935401019111531	0.67751
732	0.7	0.0037743606473678464	0.0037743606473678464	0.71379
733	0.7	0.002955113946641788	0.002955113946641788	0.70334
734	0.7	0.0021848715138710903	0.0021848715138710903	0.71742
735	0.7	0.0036318469480215994	0.0036318469480215994	0.7197
736	0.7	0.001907837207017553	0.001907837207017553	0.70003
737	0.7	0.0015562262394595316	0.0015562262394595316	0.70055
738	0.7	0.005643996695070492	0.005643996695070492	0.70839
739	0.7	0.003844936019436983	0.003844936019436983	0.70778
740	0.7	0.001989665481895382	0.001989665481895382	0.72696
741	0.7	0.0035201642262303223	0.0035201642262303223	0.71679
742	0.7	0.004454616585385675	0.004454616585385675	0.7008
743	0.7	0.003815625793433592	0.003815625793433592	0.71508
744	0.7	0.004540212170335623	0.004540212170335623	0.71435
745	0.7	0.003240438002596237	0.003240438002596237	0.68839
746	0.7	0.005048105015236328	0.005048105015236328	0.71325
747	0.7	0.0012645701903845328	0.0012645701903845328	0.69514
748	0.7	0.0018949507879458046	0.0018949507879458046	0.68614
749	0.7	0.004714228158252271	0.004714228158252271	0.69415
750	0.75	0.002256426060194775	0.002256426060194775	0.69945
751	0.75	0.0009898081311637754	0.0009898081311637754	0.73746
752	0.75	0.003520603989872606	0.003520603989872606	0.68533
753	0.75	0.000863720190103817	0.000863720190103817	0.68507
754	0.75	0.0014917471783693526	0.0014917471783693526	0.71244
755	0.75	0.0008954747213643949	0.0008954747213643949	0.68363
756	0.75	0.0033870392671034874	0.0033870392671034874	0.68491
757	0.75	0.0012387210697313348	0.0012387210697313348	0.68602
758	0.75	0.0016297062005753468	0.0016297062005753468	0.69608
759	0.75	0.0012197499144472894	0.0012197499144472894	0.68642
760	0.75	0.0017910644301555062	0.0017910644301555062	0.68214
761	0.75	0.002887521684460139	0.002887521684460139	0.69457
762	0.75	0.0030043725126215844	0.0030043725126215844	0.6936
763	0.75	0.0016839650621422895	0.0016839650621422895	0.69652
764	0.75	0.0020551973412329273	0.0020551973412329273	0.69878
765	0.75	0.0031376402398023417	0.0031376402398023417	0.71245
766	0.75	0.0030193928742622686	0.0030193928742622686	0.70869
767	0.75	0.0017610472003757687	0.0017610472003757687	0.6892
768	0.75	0.0019355790339556061	0.0019355790339556061	0.71053
769	0.75	0.0011021579469360156	0.0011021579469360156	0.72386
770	0.75	0.0030225997030697022	0.0030225997030697022	0.71521
771	0.75	0.002031942714833742	0.002031942714833742	0.71207
772	0.75	0.0006742741343170539	0.0006742741343170539	0.68445
773	0.75	0.0014361578583379404	0.0014361578583379404	0.68566
774	0.75	0.0039823512677724104	0.0039823512677724104	0.68795
775	0.75	0.0017415361647482763	0.0017415361647482763	0.70701
776	0.75	0.0023209155991692374	0.0023209155991692374	0.6829
777	0.75	0.0030579185989588194	0.0030579185989588194	0.68794
778	0.75	0.0026360295454046253	0.0026360295454046253	0.68736
779	0.75	0.00224627960456935	0.00224627960456935	0.68914
780	0.75	0.0036972634207136485	0.0036972634207136485	0.71089
781	0.75	0.0017128815087054763	0.0017128815087054763	0.68335
782	0.75	0.003976449708045728	0.003976449708045728	0.69009
783	0.75	0.0006877474933844705	0.0006877474933844705	0.68717
784	0.75	0.0018357639171772866	0.0018357639171772866	0.6898
785	0.75	0.0020655114931423663	0.0020655114931423663	0.71182
786	0.75	0.002398407519543904	0.002398407519543904	0.68505
787	0.75	0.00263325693815201	0.00263325693815201	0.76439
788	0.75	0.0015927638321832772	0.0015927638321832772	0.70201
789	0.75	0.0007968623459624093	0.0007968623459624093	0.69153
790	0.75	0.001653504075557496	0.001653504075557496	0.67397
791	0.75	0.0022712745870454155	0.0022712745870454155	0.68502
792	0.75	0.002306254165701495	0.002306254165701495	0.6874
793	0.75	0.0021743314097865856	0.0021743314097865856	0.68742
794	0.75	0.005917018445577587	0.005917018445577587	0.68544
795	0.75	0.0030380230368622072	0.0030380230368622072	0.68311
796	0.75	0.0006915075271963238	0.0006915075271963238	0.68161
797	0.75	0.0016156491657003177	0.0016156491657003177	0.70504
798	0.75	0.0027338155574875467	0.0027338155574875467	0.6906
799	0.75	0.0013954327423148455	0.0013954327423148455	0.7071
800	0.8	0.00024821854599292256	0.00024821854599292256	0.68864
801	0.8	0.0010473153367070317	0.0010473153367070317	0.68636
802	0.8	0.0016212128314916695	0.0016212128314916695	0.68796
803	0.8	0.0008653132354596808	0.0008653132354596808	0.69472
804	0.8	0.000620243953468634	0.000620243953468634	0.69541
805	0.8	0.0025860980536245312	0.0025860980536245312	0.69524
806	0.8	0.001308010291155543	0.001308010291155543	0.69301
807	0.8	0.001701324413118329	0.001701324413118329	0.68771
808	0.8	0.0032476069336362	0.0032476069336362	0.6893
809	0.8	0.001803840981998378	0.001803840981998378	0.68919
810	0.8	0.0014556505540287469	0.0014556505540287469	0.68548
811	0.8	0.0024158582019202703	0.0024158582019202703	0.70684
812	0.8	0.00074686090608194	0.00074686090608194	0.71044
813	0.8	0.0020595041062026116	0.0020595041062026116	0.68523
814	0.8	0.0016043168219282038	0.0016043168219282038	0.70252
815	0.8	-3.221728932593558e-06	-3.221728932593558e-06	0.68939
816	0.8	0.0015584743035508722	0.0015584743035508722	0.69631
817	0.8	0.0024199116963844387	0.0024199116963844387	0.69015
818	0.8	0.0023207941691651846	0.0023207941691651846	0.68805
819	0.8	0.001038557377721829	0.001038557377721829	0.68821
820	0.8	0.002668198839552346	0.002668198839552346	0.73626
821	0.8	0.0009691516895784512	0.0009691516895784512	0.69945
822	0.8	0.002600636935987426	0.002600636935987426	0.69676
823	0.8	0.003935758913987574	0.003935758913987574	0.638
824	0.8	0.0007913556450673585	0.0007913556450673585	0.68764
825	0.8	0.00201996969910925	0.00201996969910925	0.71261
826	0.8	0.0005065625759214258	0.0005065625759214258	0.67913
827	0.8	0.003581830036501863	0.003581830036501863	0.69219
828	0.8	0.0019815583966212445	0.0019815583966212445	0.71154
829	0.8	0.0011396542207118539	0.0011396542207118539	0.6838
830	0.8	0.0030496683966945433	0.0030496683966945433	0.6843
831	0.8	0.0007673398736633233	0.0007673398736633233	0.69012
832	0.8	0.002149870355552999	0.002149870355552999	0.69199
833	0.8	0.0026084244949781793	0.0026084244949781793	0.70175
834	0.8	0.001579648516485397	0.001579648516485397	0.68525
835	0.8	0.002141765811663574	0.002141765811663574	0.68659
836	0.8	0.0010648189481807754	0.0010648189481807754	0.64971
837	0.8	0.0011652503840936359	0.0011652503840936359	0.69806
838	0.8	0.0008887752889906674	0.0008887752889906674	0.66567
839	0.8	0.0017458235566056375	0.0017458235566056375	0.64861
840	0.8	0.0023723297569561924	0.0023723297569561924	0.69741
841	0.8	0.0017915154829369429	0.0017915154829369429	0.67878
842	0.8	0.0022925227614493788	0.0022925227614493788	0.66301
843	0.8	0.0008251172795357701	0.0008251172795357701	0.68668
844	0.8	0.003143734810094798	0.003143734810094798	0.71089
845	0.8	0.0015508873891101286	0.0015508873891101286	0.71329
846	0.8	0.0015538043006012665	0.0015538043006012665	0.71097
847	0.8	0.0013464129320644683	0.0013464129320644683	0.7122
848	0.8	9.94520504044975e-05	9.94520504044975e-05	0.71415
849	0.8	0.0020163037803965387	0.0020163037803965387	0.70675
850	0.85	-0.00020533731456815602	-0.00020533731456815602	0.70137
851	0.85	0.0032104612586080863	0.0032104612586080863	0.66661
852	0.85	0.0008777120999336474	0.0008777120999336474	0.70777
853	0.85	0.0013782807850435672	0.0013782807850435672	0.69352
854	0.85	0.0008718755224488346	0.0008718755224488346	0.73495
855	0.85	0.0008697731580161252	0.0008697731580161252	0.7221
856	0.85	0.0006775801484687404	0.0006775801484687404	0.71558
857	0.85	0.000379119244799484	0.000379119244799484	0.71072
858	0.85	0.0007482431945583077	0.0007482431945583077	0.70745
859	0.85	0.00041795359113076965	0.00041795359113076965	0.71226
860	0.85	-0.00021889182201050074	-0.00021889182201050074	0.72268
861	0.85	0.0016581594615828052	0.0016581594615828052	0.68685
862	0.85	0.0005864267344858505	0.0005864267344858505	0.71235
863	0.85	0.001722088950958413	0.001722088950958413	0.70981
864	0.85	0.0005840650672999255	0.0005840650672999255	0.71593
865	0.85	0.001352370511861262	0.001352370511861262	0.70682
866	0.85	0.000950022188462455	0.000950022188462455	0.72884
867	0.85	0.0013090639241787024	0.0013090639241787024	0.73591
868	0.85	0.0012258540379261303	0.0012258540379261303	0.716
869	0.85	-0.0002889570962227017	-0.0002889570962227017	0.72562
870	0.85	0.0014548517871036321	0.0014548517871036321	0.73347
871	0.85	-0.00011333799358196212	-0.00011333799358196212	0.71661
872	0.85	0.0020619158532127926	0.0020619158532127926	0.73184
873	0.85	0.0013698994813849364	0.0013698994813849364	0.72095
874	0.85	0.0048077235036508995	0.0048077235036508995	0.71371
875	0.85	0.001463805057648374	0.001463805057648374	0.71874
876	0.85	0.0013140048132978008	0.0013140048132978008	0.7147
877	0.85	0.0015553333200958857	0.0015553333200958857	0.7138
878	0.85	0.0016093280421210577	0.0016093280421210577	0.72652
879	0.85	-9.963590490033141e-05	-9.963590490033141e-05	0.7174
880	0.85	0.0007947486104118385	0.0007947486104118385	0.71724
881	0.85	0.0004466972201774648	0.0004466972201774648	0.69958
882	0.85	0.0006825042755707806	0.0006825042755707806	0.72677
883	0.85	0.0009799518923008716	0.0009799518923008716	0.7189
884	0.85	0.0011545628537351414	0.0011545628537351414	0.71529
885	0.85	0.0021650610717654033	0.0021650610717654033	0.69076
886	0.85	0.0023298547626484163	0.0023298547626484163	0.77569
887	0.85	0.0006384722684367201	0.0006384722684367201	0.69457
888	0.85	0.0013822730085823111	0.0013822730085823111	0.70984
889	0.85	0.001093721899541753	0.001093721899541753	0.71503
890	0.85	0.0008421181938904235	0.0008421181938904235	0.70855
891	0.85	0.0011314154875622284	0.0011314154875622284	0.71759
892	0.85	0.001314306477143053	0.001314306477143053	0.71444
893	0.85	0.0005861070814332526	0.0005861070814332526	0.70701
894	0.85	0.00035362481146361996	0.00035362481146361996	0.6688
895	0.85	9.744724735411853e-05	9.744724735411853e-05	0.71756
896	0.85	0.0014451773173055887	0.0014451773173055887	0.7007
897	0.85	0.0004487661783279519	0.0004487661783279519	0.70278
898	0.85	0.001379419806718161	0.001379419806718161	0.72348
899	0.85	0.0022690317050886462	0.0022690317050886462	0.69065
900	0.9	0.0007772949118791389	0.0007772949118791389	0.7282
901	0.9	0.001729002219201209	0.001729002219201209	0.70097
902	0.9	0.0012363678580082347	0.0012363678580082347	0.72211
903	0.9	0.0009331793111395352	0.0009331793111395352	0.72345
904	0.9	0.0012223355114958714	0.0012223355114958714	0.70882
905	0.9	-0.0009150128446113575	-0.0009150128446113575	0.6915
906	0.9	-5.2600853385108555e-05	-5.2600853385108555e-05	0.70679
907	0.9	0.0008843699376456886	0.0008843699376456886	0.72168
908	0.9	0.0011832279152954098	0.0011832279152954098	0.70409
909	0.9	-0.0007212047284268818	-0.0007212047284268818	0.70111
910	0.9	0.0010584357336452567	0.0010584357336452567	0.69546
911	0.9	0.0005594677042656957	0.0005594677042656957	0.72162
912	0.9	0.0002950729913554963	0.0002950729913554963	0.6764
913	0.9	-3.662024052519751e-05	-3.662024052519751e-05	0.71289
914	0.9	0.0003483458913080222	0.0003483458913080222	0.71902
915	0.9	-0.0001501372323437499	-0.0001501372323437499	0.71692
916	0.9	0.0007651686717010279	0.0007651686717010279	0.7355
917	0.9	0.0008952767047240193	0.0008952767047240193	0.71541
918	0.9	0.0018927018820507915	0.0018927018820507915	0.70804
919	0.9	-5.080411672031165e-05	-5.080411672031165e-05	0.79283
920	0.9	0.0012405833006162315	0.0012405833006162315	0.70326
921	0.9	0.0003966697764432215	0.0003966697764432215	0.72125
922	0.9	0.0019622973070519663	0.0019622973070519663	0.69746
923	0.9	0.0005573661566348453	0.0005573661566348453	0.7469
924	0.9	0.0010030300142895852	0.0010030300142895852	0.72159
925	0.9	-0.0005633243460803621	-0.0005633243460803621	0.71418
926	0.9	-0.00030772985797759085	-0.00030772985797759085	0.74379
927	0.9	0.0011578496182493142	0.0011578496182493142	0.7239
928	0.9	0.0003022128449689174	0.0003022128449689174	0.73127
929	0.9	0.00019223983581567804	0.00019223983581567804	0.70833
930	0.9	0.000985121010655526	0.000985121010655526	0.71912
931	0.9	0.0003579091120625269	0.0003579091120625269	0.66682
932	0.9	0.0002931845681852874	0.0002931845681852874	0.69252
933	0.9	0.0008221849818655178	0.0008221849818655178	0.69484
934	0.9	0.00015900418551014175	0.00015900418551014175	0.69068
935	0.9	0.001187227781668525	0.001187227781668525	0.72208
936	0.9	0.001006928805163709	0.001006928805163709	0.70604
937	0.9	0.0017020562151063502	0.0017020562151063502	0.70649
938	0.9	0.0010962510024312734	0.0010962510024312734	0.71202
939	0.9	-5.6152758517627125e-06	-5.6152758517627125e-06	0.70383
940	0.9	0.0019456157979881694	0.0019456157979881694	0.72658
941	0.9	0.0006451538048142947	0.0006451538048142947	0.713
942	0.9	0.0009350834428701806	0.0009350834428701806	0.77109
943	0.9	7.258106526968515e-05	7.258106526968515e-05	0.74586
944	0.9	-1.6536024634399195e-05	-1.6536024634399195e-05	0.7178
945	0.9	0.0008298377203438613	0.0008298377203438613	0.74089
946	0.9	0.0014762502235668765	0.0014762502235668765	0.74063
947	0.9	-0.0006374384046791024	-0.0006374384046791024	0.71306
948	0.9	0.0006262910103811408	0.0006262910103811408	0.71234
949	0.9	0.0014277536336618902	0.0014277536336618902	0.71686
950	0.95	0.0014512134718702168	0.0014512134718702168	0.75561
951	0.95	-4.221240710834848e-05	-4.221240710834848e-05	0.82513
952	0.95	4.927964289082614e-05	4.927964289082614e-05	0.77024
953	0.95	-0.0002465668597727186	-0.0002465668597727186	0.77282
954	0.95	0.0008288787977210921	0.0008288787977210921	0.77345
955	0.95	7.13761563868529e-05	7.13761563868529e-05	0.77892
956	0.95	-0.00030543669015234773	-0.00030543669015234773	0.73402
957	0.95	0.00047860561245395106	0.00047860561245395106	0.72933
958	0.95	0.0004669274327425438	0.0004669274327425438	0.77313
959	0.95	-0.0002628709719395095	-0.0002628709719395095	0.77427
960	0.95	2.0714935736783386e-05	2.0714935736783386e-05	0.7767
961	0.95	0.0008705396246468279	0.0008705396246468279	0.76847
962	0.95	0.0009622978808468834	0.0009622978808468834	0.77365
963	0.95	0.00014713345830805348	0.00014713345830805348	0.76871
964	0.95	-0.000745356137975216	-0.000745356137975216	0.78041
965	0.95	0.0007432370883743165	0.0007432370883743165	0.7408
966	0.95	7.210531699692158e-06	7.210531699692158e-06	0.73459
967	0.95	0.0039482002956470275	0.0039482002956470275	0.74704
968	0.95	0.00022394453197672196	0.00022394453197672196	0.7194
969	0.95	-1.3149137004067315e-05	-1.3149137004067315e-05	0.72193
970	0.95	-0.00023356913216457785	-0.00023356913216457785	0.72697
971	0.95	-0.0001327443321447789	-0.0001327443321447789	0.74402
972	0.95	0.00013424613452226377	0.00013424613452226377	0.72785
973	0.95	0.0011587103777067464	0.0011587103777067464	0.72276
974	0.95	-8.658566034197489e-05	-8.658566034197489e-05	0.73042
975	0.95	0.00013926771032243327	0.00013926771032243327	0.72694
976	0.95	0.0024878326637202586	0.0024878326637202586	0.7255
977	0.95	0.00048228809552893496	0.00048228809552893496	0.70216
978	0.95	-0.00021408330785170973	-0.00021408330785170973	0.70992
979	0.95	0.00045524964382117174	0.00045524964382117174	0.71172
980	0.95	0.0008497478436866581	0.0008497478436866581	0.71957
981	0.95	0.0005163066205150334	0.0005163066205150334	0.73905
982	0.95	0.0004985181332019283	0.0004985181332019283	0.70815
983	0.95	-8.773764618886317e-06	-8.773764618886317e-06	0.74303
984	0.95	-0.0005125897578141382	-0.0005125897578141382	0.71404
985	0.95	2.8848410053607188e-05	2.8848410053607188e-05	0.69922
986	0.95	-0.00016189916674672384	-0.00016189916674672384	0.71005
987	0.95	-0.00013549474300076654	-0.00013549474300076654	0.70874
988	0.95	0.00034445814124190637	0.00034445814124190637	0.75735
989	0.95	8.581229352093569e-05	8.581229352093569e-05	0.7334
990	0.95	0.0005012500091311019	0.0005012500091311019	0.72904
991	0.95	0.0013380980595502025	0.0013380980595502025	0.72617
992	0.95	7.20449884363544e-05	7.20449884363544e-05	0.72743
993	0.95	0.00035132265287532227	0.00035132265287532227	0.73115
994	0.95	0.0009846974913973142	0.0009846974913973142	0.71268
995	0.95	0.0011169398009320166	0.0011169398009320166	0.73993
996	0.95	0.00048484356070711864	0.00048484356070711864	0.75618
997	0.95	0.0007523831594358604	0.0007523831594358604	0.751
998	0.95	0.0008964443715466906	0.0008964443715466906	0.73487
999	0.95	0.0005734474253614442	0.0005734474253614442	0.73963
